"","ID","Description","GeneRatio","BgRatio","RichFactor","FoldEnrichment","zScore","pvalue","p.adjust","qvalue","geneID","Count"
"GO:0002822","GO:0002822","regulation of adaptive immune response based on somatic recombination of immune receptors built from immunoglobulin superfamily domains","3/9","206/18986",0.0145631067961165,30.7216828478964,9.34054008391572,0.00010077240014377,0.0331986352654237,0.0137170947481337,"B2M/MEF2C/C3",3
"GO:0002819","GO:0002819","regulation of adaptive immune response","3/9","221/18986",0.0135746606334842,28.6365007541478,8.99948551581411,0.00012410704772121,0.0331986352654237,0.0137170947481337,"B2M/MEF2C/C3",3
"GO:0048260","GO:0048260","positive regulation of receptor-mediated endocytosis","2/9","56/18986",0.0357142857142857,75.3412698412698,12.132811723725,0.000303558312743191,0.0450272297625373,0.0186044628630258,"B2M/C3",2
"GO:0006959","GO:0006959","humoral immune response","3/9","310/18986",0.00967741935483871,20.4150537634409,7.50568421462744,0.000336652185140466,0.0450272297625373,0.0186044628630258,"B2M/MEF2C/C3",3
